country,variety
Albania,['Kallmet']
Argentina,"['Malbec' 'Rosé' 'Bordeaux-style Red Blend' 'Cabernet Sauvignon'
 'Sauvignon Blanc' 'Torrontés' 'Malbec-Cabernet Sauvignon' 'White Blend'
 'Sparkling Blend' 'Cabernet Franc' 'Cabernet Blend' 'Pinot Noir'
 'Chenin Blanc' 'Syrah' 'Red Blend' 'Malbec-Bonarda' 'Malbec Blend'
 'Chenin Blanc-Chardonnay' 'Petit Verdot' 'Malbec-Petit Verdot'
 'Pinot Grigio' 'Chardonnay-Viognier' 'Chardonnay' 'Malbec-Merlot'
 'Bonarda' 'Moscato' 'Champagne Blend' 'Merlot' 'Malbec-Tempranillo'
 'Tempranillo' 'Cabernet Sauvignon-Merlot' 'Cabernet Sauvignon-Malbec'
 'Cabernet Sauvignon-Syrah' 'Tannat' 'Petite Verdot' 'Sémillon'
 'Malbec-Syrah' 'Merlot-Cabernet Franc' 'Viognier' 'Pinot Gris' 'Barbera'
 'Sangiovese' 'Pedro Ximénez' 'Chardonnay-Sauvignon' 'Nebbiolo' 'Shiraz'
 'Syrah-Viognier' 'Bordeaux-style White Blend' 'Merlot-Malbec'
 'Merlot-Cabernet Sauvignon' 'Riesling' 'Meritage'
 'Semillon-Sauvignon Blanc' 'Cabernet Sauvignon-Cabernet Franc'
 'Chardonnay-Semillon' 'Cabernet Sauvignon-Shiraz' 'Cabernet-Syrah'
 'Muscat' 'Syrah-Bonarda' 'Syrah-Malbec' 'Malbec-Cabernet Franc'
 'Malbec-Tannat' 'Fumé Blanc' 'Shiraz-Malbec' 'Sauvignon Blanc-Semillon']"
Australia,"['Pinot Noir' 'Shiraz' 'Chardonnay' 'Marsanne' 'Rosé' 'Riesling'
 'Sparkling Blend' 'Red Blend' 'Cabernet Sauvignon-Shiraz' 'Grenache'
 'Cabernet Sauvignon' 'Sémillon' 'Sauvignon Blanc-Semillon' 'Pinot Grigio'
 'Rhône-style White Blend' 'Shiraz-Grenache' 'Viognier' 'Pinot Gris'
 'Sauvignon Blanc' 'Viognier-Marsanne' 'Chardonnay-Semillon'
 'Cabernet Merlot' 'Verdelho' 'Shiraz-Cabernet Sauvignon' 'Cabernet Blend'
 'Chenin Blanc' 'Merlot' 'Petit Verdot' 'G-S-M' 'Grenache-Shiraz' 'Syrah'
 'Shiraz-Viognier' 'Champagne Blend' 'Rhône-style Red Blend'
 'Cabernet Sauvignon-Merlot' 'Gewürztraminer' 'White Blend'
 'Cabernet Sauvignon-Malbec' 'Moscato' 'Port' 'Tokay' 'Muscat' 'Muscadel'
 'Bordeaux-style Red Blend' 'Savagnin' 'Sauvignon Blanc-Chardonnay'
 'Muscadelle' 'Cabernet Sauvignon-Sangiovese' 'Sangiovese' 'Roussanne'
 'Malbec' 'Muscat Blanc' 'Tempranillo' 'Syrah-Cabernet'
 'Semillon-Sauvignon Blanc' 'Cabernet Franc' 'Merlot-Cabernet Franc'
 'Shiraz-Mourvèdre' 'Petite Sirah' 'Mourvèdre' 'Sauvignon' 'Durif'
 'Semillon-Chardonnay' 'Shiraz-Malbec' 'Zinfandel' 'Merlot-Cabernet'
 'Vermentino' 'Saperavi' 'Muscat of Alexandria' 'Grenache-Syrah'
 'Muscat Blanc à Petit Grain' 'Muscat Hamburg' 'Colombard'
 'Cabernet Sauvignon-Cabernet Franc' 'Bordeaux-style White Blend' 'Tannat'
 'Carnelian' 'Nebbiolo']"
Austria,"['St. Laurent' 'Blauburgunder' 'Blaufränkisch' 'Pinot Noir'
 'Grüner Veltliner' 'Red Blend' 'Zweigelt' 'Riesling' 'Weissburgunder'
 'Gelber Muskateller' 'Roter Veltliner' 'White Blend' 'Chardonnay' 'Rosé'
 'Orangetraube' 'Austrian Red Blend' 'Furmint' 'Pinot Blanc' 'Neuburger'
 'Sauvignon Blanc' 'Traminer' 'Muskat Ottonel' 'Austrian white blend'
 'Welschriesling' 'Scheurebe' 'Bordeaux-style Red Blend' 'Sparkling Blend'
 'Pinot Gris' 'Viognier' 'Rotgipfler' 'Grauburgunder' 'Cabernet Blend'
 'Cabernet Sauvignon' 'Champagne Blend' 'Moscato' 'Merlot' 'Zierfandler'
 'Sämling' 'Pinot Blanc-Chardonnay' 'Zierfandler-Rotgipfler' 'Morillon'
 'Syrah' 'Cabernet Sauvignon-Merlot' 'Chardonnay-Pinot Blanc'
 'Blauer Portugieser' 'Muscat' 'Gewürztraminer'
 'Sauvignon Blanc-Chardonnay' 'Roter Traminer' 'Merlot-Cabernet Sauvignon']"
Bosnia and Herzegovina,['Blatina' 'Vranec']
Brazil,"['Merlot' 'Cabernet Sauvignon-Merlot' 'Red Blend' 'Cabernet Sauvignon'
 'Sparkling Blend' 'Bordeaux-style Red Blend' 'Moscato' 'Tannat']"
Bulgaria,"['Mavrud' 'Chardonnay' 'Syrah' 'Pinot Noir' 'Red Blend' 'Ruen' 'Merlot'
 'Cabernet Sauvignon' 'Traminer' 'Muskat Ottonel' 'Rosé' 'Sauvignon Blanc'
 'Muscat' 'Meritage' 'Riesling' 'White Blend']"
Canada,"['Bordeaux-style Red Blend' 'Riesling' 'Pinot Gris' 'Syrah' 'Merlot'
 'Vidal' 'Pinot Noir' 'Chardonnay' 'Rosé' 'Cabernet Sauvignon-Syrah'
 'White Blend' 'Sauvignon Blanc' 'Cabernet Franc' 'Meritage'
 'Gewürztraminer' 'Chenin Blanc' 'Gewürztraminer-Riesling' 'Chasselas'
 'Carmenère' 'Semillon-Sauvignon Blanc' 'Rhône-style White Blend'
 'Viognier' 'Pinot Blanc' 'Vidal Blanc' 'Cabernet Sauvignon'
 'Cabernet Merlot' 'Apple' 'Shiraz' 'Red Blend']"
Chile,"['Carmenère' 'Red Blend' 'Cabernet Sauvignon-Cabernet Franc'
 'Bordeaux-style Red Blend' 'Cabernet Sauvignon' 'Pinot Noir' 'Syrah'
 'Sauvignon Blanc' 'Merlot' 'Cabernet Sauvignon-Carmenère'
 'Cabernet Franc' 'Chardonnay' 'Riesling' 'Petit Verdot'
 'Carmenère-Cabernet Sauvignon' 'Tempranillo' 'Rosé' 'Malbec' 'Viognier'
 'Cabernet Sauvignon-Syrah' 'Viognier-Chardonnay'
 'Cabernet Sauvignon-Malbec' 'Pinot Noir-Syrah' 'White Blend' 'Muscat'
 'Carignan' 'Chardonnay-Viognier' 'Gewürztraminer'
 'Cabernet Franc-Carmenère' 'Syrah-Cabernet Sauvignon' 'Sauvignon Gris'
 'Cabernet Blend' 'Carmenère-Syrah' 'Torontel' 'Muscatel'
 'Cabernet Sauvignon-Merlot' 'Shiraz' 'Sauvignon Blanc-Semillon'
 'Mourvèdre' 'Merlot-Cabernet' 'Champagne Blend' ""Muscat d'Alexandrie""
 'Sparkling Blend' 'Syrah-Cabernet' 'Syrah-Grenache-Viognier'
 'Cabernet Sauvignon-Shiraz' 'Fumé Blanc' 'Gewürztraminer-Riesling'
 'Petite Sirah' 'Merlot-Cabernet Sauvignon' 'País' 'Pinot Grigio'
 'Malbec-Syrah' 'Cabernet-Syrah' 'Shiraz-Cabernet Sauvignon' 'Sémillon'
 'Sauvignon' 'Pedro Ximénez' 'Moscatel' 'Merlot-Cabernet Franc']"
China,['Chardonnay' 'White Blend']
Croatia,"['White Blend' 'Posip' 'Malvazija' 'Red Blend' 'Plavac Mali' 'Malvasia'
 'Grenache' 'Zlahtina' 'Malvasia Istriana' 'Teran' 'Zweigelt' 'Rosé'
 'Traminer' 'Welschriesling' 'Blaufränkisch' 'Pinot Noir' 'Debit']"
Cyprus,['Red Blend' 'Xinisteri' 'White Blend' 'Xynisteri' 'Cabernet Sauvignon']
Czech Republic,"['Rivaner' 'Pinot Blanc' 'Cabernet Sauvignon' 'Grüner Veltliner'
 'Cabernet Moravia' 'Welschriesling']"
England,['Chardonnay' 'Sparkling Blend']
France,"['Provence red blend' 'Sparkling Blend' 'Rhône-style White Blend' 'Syrah'
 'Chardonnay' 'Sauvignon Blanc' 'Pinot Noir' 'Malbec-Merlot'
 'Merlot-Malbec' 'Ugni Blanc-Colombard' 'Rosé' 'Gamay'
 'Bordeaux-style Red Blend' 'Rhône-style Red Blend' 'Riesling'
 'Bordeaux-style White Blend' 'Tannat-Cabernet' 'Malbec' 'Sylvaner'
 'Chasselas' 'Alsace white blend' 'White Blend' 'Semillon-Sauvignon Blanc'
 'Grenache-Syrah' 'Red Blend' 'Pinot Blanc' 'Pinot Noir-Gamay'
 'Gros Manseng' 'Romorantin' 'Gewürztraminer' 'Tannat-Merlot' 'Duras'
 'Pinot Auxerrois' 'Champagne Blend' 'Colombard-Sauvignon Blanc'
 'Marsanne' 'Viognier' 'Melon' 'Tannat-Cabernet Franc' 'Tannat'
 'Auxerrois' 'Negrette' 'Merlot' 'Cabernet Franc' 'Chenin Blanc'
 'Roussanne' 'Chardonnay-Sauvignon Blanc' 'Muscat' 'Pinot Gris' 'Mauzac'
 'Gros and Petit Manseng' 'Fer Servadou' 'Chenin Blanc-Chardonnay'
 'Cabernet Sauvignon' 'Cabernet-Syrah' 'Colombard-Ugni Blanc' 'Colombard'
 'Pied de Perdrix' 'Syrah-Merlot' 'Grenache' 'Sauvignon Blanc-Chardonnay'
 'Mondeuse' 'Jacquère' 'Chardonnay-Viognier' 'Aligoté' 'Mansois' 'Rolle'
 'G-S-M' 'Syrah-Grenache' 'Savagnin' 'Braucol' 'Cabernet Sauvignon-Syrah'
 'Merlot-Cabernet Sauvignon' 'Malbec-Tannat' 'Cinsault' 'Segalin'
 'Cabernet Sauvignon-Merlot' 'Petit Manseng' 'Carignan' 'Nielluciu'
 'Vermentino' 'Mourvèdre' 'Chardonnay-Sauvignon'
 'Muscat Blanc à Petit Grain' 'Muscadelle' 'Syrah-Mourvèdre'
 'Grenache-Carignan' 'Syrah-Carignan' 'Provence white blend'
 ""Loin de l'Oeil"" 'Picpoul' 'Cabernet' 'Sauvignon Blanc-Semillon'
 'Sauvignon' 'Pinot Blanc-Pinot Noir' 'Marsanne-Roussanne' 'Altesse'
 'Sémillon' 'Cabernet Franc-Cabernet Sauvignon' 'Merlot-Cabernet'
 'Grolleau' 'Sauvignon Gris' 'Grenache Blanc' 'Malvoisie' 'Muscadel'
 'Merlot-Grenache' 'Gamay Noir' 'Grenache Gris' ""Muscat d'Alexandrie""
 'Cabernet Merlot' 'Shiraz' 'Clairette' 'Cabernet Sauvignon Grenache'
 'Shiraz-Merlot' 'Roussanne-Viognier' 'Pinot Meunier' 'Muscadet'
 'Silvaner' 'Tokay Pinot Gris']"
Georgia,"['Rkatsiteli' 'Mtsvane' 'Saperavi' 'Saperavi-Merlot' 'Sparkling Blend'
 'Chinuri' 'White Blend']"
Germany,"['Riesling' 'Silvaner' 'Lemberger' 'Früburgunder' 'Scheurebe' 'Pinot Gris'
 'Müller-Thurgau' 'Schwartzriesling' 'Pinot Blanc' 'Spätburgunder'
 'Red Blend' 'Rivaner' 'Pinot Noir' 'Rieslaner' 'Dornfelder'
 'Gewürztraminer' 'Grauburgunder' 'Muskateller' 'Elbling' 'Auxerrois'
 'St. Laurent' 'Rosé' 'Pinot Grigio' 'Kerner' 'Chardonnay'
 'Weissburgunder' 'White Blend' 'Chardonnay Weissburgunder'
 'Cabernet Sauvignon' 'Silvaner-Traminer' 'Gewürztraminer-Riesling'
 'Chardonnay-Pinot Blanc' 'Sparkling Blend' 'Traminer' 'Sauvignon Blanc'
 'Huxelrebe']"
Greece,"['White Blend' 'Assyrtiko' 'Malagouzia' 'Agiorgitiko' 'Assyrtico'
 'Red Blend' 'Malagousia' 'Roditis' 'Moschofilero' 'Mavrotragano'
 'Cabernet Blend' 'Petroulianos' 'Mavrodaphne' 'Bordeaux-style Red Blend'
 'Merlot' 'Muscat' 'Savatiano' 'Chardonnay' 'Sauvignon Blanc'
 'Cabernet Sauvignon' 'Xinomavro' 'Mavroudi' 'Sauvignon' 'Moscofilero'
 'Robola' 'Syrah' 'Viognier' 'Rosé' 'Cabernet Sauvignon Grenache' 'Aidani'
 'St. George' 'Cabernet Sauvignon-Merlot' 'Vilana' 'Traminer' 'Mandilaria'
 'Dafni' 'Malvasia' 'Sideritis' 'Athiri'
 'Cabernet Sauvignon-Cabernet Franc' 'Muscat of Alexandria'
 'Cabernet Sauvignon-Syrah' 'Rhône-style Red Blend']"
Hungary,"['Kekfrankos' 'Furmint' 'White Blend' 'Cabernet Franc' 'Rosé' 'Kadarka'
 'Red Blend' 'Grüner Veltliner' 'Cabernet Sauvignon'
 'Bordeaux-style Red Blend' 'Sparkling Blend' 'Királyleányka'
 'Cserszegi Fűszeres' 'Hárslevelü' 'Tokaji' 'Blaufränkisch' 'Shiraz'
 'Chardonnay' 'Sauvignon Blanc' 'Gewürztraminer' 'Pinot Gris' 'Merlot'
 'Blauer Portugieser' 'Pinot Noir' 'Muscat Blanc' 'Traminer'
 'Irsai Oliver']"
India,['Shiraz' 'Sauvignon Blanc' 'Chenin Blanc' 'Cabernet Sauvignon']
Israel,"['Cabernet Sauvignon' 'Chardonnay' 'Red Blend'
 'Cabernet Franc-Cabernet Sauvignon' 'Shiraz' 'Bordeaux-style Red Blend'
 'Cabernet Sauvignon-Merlot' 'Petite Sirah' 'Cabernet Franc' 'Syrah'
 'Pinot Noir' 'Merlot' 'Muscat' 'Merlot-Argaman' 'Sauvignon Blanc'
 'Gewürztraminer' 'White Riesling' 'Carignan'
 'Cabernet Sauvignon-Merlot-Shiraz' 'Viognier' 'Barbera' 'White Blend'
 'Rosé' 'Syrah-Viognier' 'Sparkling Blend' 'Argaman' 'Pinotage'
 'Shiraz-Cabernet Sauvignon' 'Zinfandel' 'Moscato'
 'Cabernet Sauvignon-Shiraz' 'Riesling' 'Cabernet Blend' 'Champagne Blend'
 'Tempranillo' 'Cabernet Merlot']"
Italy,"['Sangiovese' 'Red Blend' 'Nebbiolo' 'Glera' 'White Blend' 'Greco'
 'Pinot Bianco' 'Garganega' 'Sauvignon' 'Pinot Grigio' 'Frappato'
 'Vermentino' 'Cabernet Sauvignon' 'Moscato' 'Friulano' 'Barbera'
 'Pinot Nero' 'Nerello Mascalese' 'Turbiana' 'Carricante' 'Fiano' 'Merlot'
 'Ciliegiolo' 'Sirica' 'Aglianico' 'Gewürztraminer' 'Chardonnay'
 'Tempranillo' 'Pugnitello' 'Grillo' 'Rosato' 'Syrah' 'Trebbiano'
 'Perricone' 'Falanghina' 'Catarratto' 'Cannonau' ""Nero d'Avola""
 'Lambrusco di Sorbara' 'Dolcetto' 'Veltliner' 'Lambrusco' 'Arneis'
 'Riesling' 'Nerello Cappuccio' 'Malvasia' 'Kerner' 'Sauvignon Blanc'
 'Müller-Thurgau' 'Prié Blanc' 'Zibibbo' 'Inzolia' 'Lambrusco Grasparossa'
 'Sylvaner' 'Refosco' 'Teroldego Rotaliano' 'Moscato Giallo' 'Pecorino'
 'Montepulciano' 'Negroamaro' 'Cococciola' 'Passerina' 'Primitivo'
 'Gaglioppo' 'Rosé' ""Cesanese d'Affile"" 'Cabernet' 'Malvasia Nera'
 'Viognier' 'Verdicchio' 'Sagrantino' 'Mantonico' 'Grecanico'
 'Ribolla Gialla' 'Teroldego' 'Uva di Troia' 'Aleatico' 'Pallagrello Nero'
 'Nero di Troia' 'Carignano' 'Susumaniello' 'Vernaccia'
 'Corvina, Rondinella, Molinara' 'Pinot Noir' 'Verdeca' 'Insolia'
 'Sangiovese Grosso' 'Sparkling Blend' 'Monica' 'Lagrein' 'Picolit'
 'Prosecco' 'Cabernet Sauvignon-Merlot' 'Prugnolo Gentile'
 'Cabernet Blend' 'Petite Verdot' 'Cortese' 'Grüner Veltliner' 'Torbato'
 'Verduzzo' 'Bovale' 'Piedirosso' 'Favorita' 'Pallagrello' 'Schiava'
 'Shiraz' 'Trebbiano di Lugana' 'Petit Manseng' 'Coda di Volpe' 'Raboso'
 'Greco Bianco' 'Tai' 'Tintilia ' 'Lacrima' 'Corvina' 'Moscadello'
 'Albana' 'Petit Verdot' 'Cabernet Franc' 'Alicante' 'Casavecchia'
 'Nosiola' 'Incrocio Manzoni' 'Erbaluce' 'Catalanesca' 'Pignoletto'
 'Brachetto' 'Ruché' 'Sémillon' 'Albarossa' 'Tocai Rosso' 'Mondeuse'
 'Pigato' 'Pinot-Chardonnay' 'Bombino Bianco' 'Trebbiano-Malvasia'
 'Magliocco' 'Verduzzo Friulano ' 'Vespaiolo' 'Marzemino'
 'Champagne Blend' 'Malvasia Bianca' 'Roviello' 'Caprettone'
 'Moscato di Noto' 'Nasco' 'Pallagrello Bianco' 'Pelaverga Piccolo'
 'Malvasia Istriana' 'Nuragus' 'Tocai Friulano' 'Manzoni' 'Silvaner'
 'Freisa' 'Bonarda' 'Roscetto' 'Carmenère' 'Gragnano' 'Ansonica' 'Durello'
 'Franconia' 'Groppello' 'Grignolino' 'Colorino' 'Grechetto' 'Malbec'
 'Traminer' 'Vermentino Nero' 'Tannat' 'Cabernet Sauvignon-Shiraz'
 'Cabernet Sauvignon-Sangiovese' 'Tocai' 'Bordeaux-style Red Blend'
 'Chardonnay-Pinot Grigio']"
Japan,['Koshu']
Lebanon,"['Red Blend' 'Syrah-Cabernet Sauvignon' 'White Blend' 'Rosé'
 'Cabernet Sauvignon']"
Lithuania,['Sparkling Blend']
Luxembourg,['Pinot Gris' 'Riesling']
Macedonia,['Vranec' 'Žilavka' 'Red Blend' 'Pinot Noir' 'Cabernet Sauvignon']
Mexico,"['Cabernet Sauvignon' 'Chardonnay' 'Grenache' 'Nebbiolo' 'White Blend'
 'Sauvignon Blanc' 'Shiraz' 'Rosé' 'Red Blend' 'Syrah' 'Merlot'
 'Tempranillo' 'Carignan' 'Syrah-Mourvèdre' 'Bordeaux-style Red Blend'
 'Cabernet Blend' 'Muscatel' 'Cinsault']"
Moldova,"['White Blend' 'Bordeaux-style Red Blend' 'Red Blend' 'Traminer'
 'Cabernet Sauvignon' 'Feteasca' 'Feteasca Neagra' 'Merlot'
 'Feteascǎ Regalǎ' 'Champagne Blend' 'Sparkling Blend' 'Moscato'
 'Cabernet Sauvignon-Merlot' 'Chardonnay' 'Pinot Gris' 'Sauvignon Blanc'
 'Pinot Grigio' 'Pinot Noir']"
Montenegro,['Vranec']
Morocco,"['Syrah-Grenache' 'Syrah' 'Red Blend' 'Sauvignon Blanc' 'Chardonnay'
 'White Blend' 'Cabernet Sauvignon Grenache' 'Shiraz']"
New Zealand,"['Chardonnay' 'Sauvignon Blanc' 'Riesling' 'Pinot Noir' 'Champagne Blend'
 'Pinot Gris' 'White Blend' 'Gewürztraminer' 'Bordeaux-style Red Blend'
 'Syrah' 'Red Blend' 'Cabernet Sauvignon-Merlot' 'Cabernet Sauvignon'
 'Merlot-Cabernet' 'Merlot' 'Sparkling Blend' 'Viognier'
 'Merlot-Cabernet Sauvignon' 'Cabernet Franc' 'Pinotage' 'Muscat'
 'Zinfandel' 'Shiraz-Viognier' 'Malbec-Merlot' 'Sémillon' 'Pinot Grigio'
 'Chenin Blanc' 'Sauvignon Blanc-Semillon' 'Merlot-Malbec'
 'Semillon-Sauvignon Blanc' 'Cabernet Blend' 'Bordeaux-style White Blend']"
Portugal,"['Portuguese Red' 'Baga' 'Touriga Nacional' 'Alvarinho'
 'Rhône-style Red Blend' 'Aragonês' 'Rosé' 'Portuguese White'
 'Portuguese Rosé' 'Syrah' 'Tinta Francisca' 'Alicante Bouschet'
 'Portuguese Sparkling' 'Petite Verdot' 'Castelão' 'Encruzado'
 'Touriga Nacional-Cabernet Sauvignon' 'Siria' 'Port' 'Arinto'
 'Alfrocheiro' 'Moscatel' 'Petit Verdot' 'Merlot' 'Cabernet Sauvignon'
 'Aragonez' 'Verdelho' 'Moscatel Roxo' 'Viognier' 'Antão Vaz' 'Loureiro'
 'Códega do Larinho' 'Tinta Roriz' 'Merlot-Syrah' 'Trincadeira'
 'Fernão Pires' 'Bastardo' 'Bical' 'Sauvignon Blanc' 'Red Blend'
 'Chenin Blanc' 'Baga-Touriga Nacional' 'Pinot Noir' 'White Blend'
 'Chardonnay' 'Cerceal' 'Albana' 'Bordeaux-style Red Blend' 'Shiraz'
 'Touriga Nacional Blend' 'Cabernet Sauvignon and Tinta Roriz'
 'Gewürztraminer' 'Malvasia Fina' 'Sousão' 'Touriga Franca' 'Sémillon'
 'Alvarinho-Chardonnay' 'Moscatel Graúdo' 'Sparkling Blend'
 'Gewürztraminer-Riesling' 'Madeira Blend' 'Jaen' 'Vinhão' 'Avesso'
 'Tinta Barroca' 'Azal' 'Cabernet Sauvignon-Syrah' 'Sercial' 'Malmsey'
 'Bual' 'Muscat' 'Tinta Negra Mole' 'White Port']"
Romania,"['Rosé' 'Pinot Noir' 'Merlot' 'Cabernet Sauvignon' 'Chardonnay' 'Feteasca'
 'Sauvignon Blanc' 'Pinot Grigio' 'Feteasca Neagra' 'Riesling'
 'White Blend' 'Moscato' 'Muskat Ottonel' 'Red Blend' 'Shiraz'
 'Feteascǎ Regalǎ' 'Sarba' 'Pinot Gris' 'Syrah']"
Serbia,['Morava' 'Riesling' 'Red Blend' 'Tamjanika' 'Prokupac' 'Portuguiser']
Slovakia,['Riesling']
Slovenia,"['Ribolla Gialla' 'Sauvignon Blanc' 'White Blend' 'Chardonnay' 'Vitovska'
 'Red Blend' 'Bordeaux-style Red Blend' 'Teran' 'Merlot-Cabernet Franc'
 'Cabernet Franc' 'Merlot' 'Cabernet Sauvignon' 'Riesling' 'Moscato'
 'Rosé' 'Pinela' 'Malvasia' 'Pinot Grigio' 'Sauvignon' 'Pinot Noir'
 'Furmint' 'Sauvignonasse' 'Rebula' 'Pinot Gris' 'Welschriesling'
 'Traminer' 'Malvasia Istriana']"
South Africa,"['Sauvignon Blanc' 'Chardonnay' 'Chenin Blanc' 'Champagne Blend'
 'Red Blend' 'Pinotage' 'Syrah' 'Pinot Noir' 'Bordeaux-style Red Blend'
 'Cabernet Sauvignon' 'Merlot' 'Syrah-Viognier' 'Shiraz' 'White Blend'
 'Merlot-Cabernet Sauvignon' 'Steen' 'Chenin Blanc-Sauvignon Blanc'
 'Chenin Blanc-Viognier' 'Rosé' 'Grenache-Syrah' 'Rhône-style Red Blend'
 'Cabernet Sauvignon-Shiraz' 'Chardonnay-Viognier'
 'Shiraz-Cabernet Sauvignon' 'Shiraz-Grenache' 'Shiraz-Pinotage'
 'Semillon-Sauvignon Blanc' 'Viognier' 'Syrah-Mourvèdre'
 'Cabernet Sauvignon-Merlot-Shiraz' 'Cabernet Sauvignon-Merlot'
 'Sauvignon Blanc-Chenin Blanc' 'Mourvèdre' 'Moscato' 'Shiraz-Mourvèdre'
 'Sémillon' 'Bukettraube' 'Meritage' 'Cabernet Sauvignon-Cabernet Franc'
 'Cabernet Franc' ""Muscat d'Alexandrie"" 'Cabernet Blend' 'Sparkling Blend'
 'Riesling' 'Gewürztraminer' 'Sauvignon' 'Cabernet' 'Shiraz-Viognier'
 'Fumé Blanc' 'Viognier-Grenache Blanc' 'Merlot-Shiraz' 'Pinotage-Merlot'
 'Chenin Blanc-Chardonnay' 'Chardonnay-Semillon' 'Port' 'Muscadel'
 'Morio Muskat']"
South Korea,['Meoru']
Spain,"['Tinta de Toro' 'Mencía' 'Palomino' 'Tempranillo' 'Albariño'
 'Sparkling Blend' 'Tempranillo Blend' 'Godello' 'Red Blend' 'White Blend'
 'Sherry' 'Garnacha' 'Monastrell' 'Moscatel' 'Garnacha Blanca'
 'Grenache-Syrah' 'Macabeo' 'Verdejo' 'Rosado'
 'Tempranillo-Cabernet Sauvignon' 'Trepat' 'Cabernet Franc'
 'Pedro Ximénez' 'Hondarrabi Zuri' 'Tinto Fino' 'Syrah' 'Carignan' 'Rosé'
 'Grenache Blanc' 'Viura' 'Garnacha-Syrah' 'Xarel-lo' 'Cabernet Sauvignon'
 'Tempranillo-Shiraz' 'Chardonnay-Sauvignon Blanc' 'Tinta Fina'
 'Sauvignon Blanc' 'Graciano' 'Grenache-Carignan'
 'Bordeaux-style Red Blend' 'Carignan-Grenache' 'Bobal' 'Jaen'
 'Listán Negro' 'Verdejo-Viura' 'Tinto del Pais' 'Grenache' 'Carineña'
 'Garnacha-Tempranillo' 'Malvasia' 'Chardonnay' 'Garnacha Blend'
 'Riesling' 'Garnacha Tintorera' 'Prieto Picudo' 'Merlot'
 'Tempranillo Blanco' 'Moscato' 'Premsal' 'Sauvignon Blanc-Chardonnay'
 'Shiraz-Tempranillo' 'Cariñena-Garnacha' 'Cabernet Sauvignon-Merlot'
 'Garnacha-Monastrell' 'Monastrell-Syrah' 'Garnacha-Cabernet' 'Maturana'
 'Malvar' 'Airen' 'Syrah-Grenache' 'Tempranillo-Garnacha' 'Vidadillo'
 'Cabernet Sauvignon-Tempranillo' 'Tempranillo-Merlot'
 'Verdejo-Sauvignon Blanc' 'Merlot-Cabernet Sauvignon' 'Grenache Blend'
 'Petite Verdot' 'Macabeo-Moscatel' 'Macabeo-Chardonnay' 'Albarín'
 'Viura-Chardonnay' 'Pinot Noir' 'Malvasia-Viura' 'Muscat' 'Viura-Verdejo'
 'Forcallà' 'Pansa Blanca' 'Rhône-style Red Blend'
 'Moscatel de Alejandría' 'Doña Blanca' 'Viognier'
 'Cabernet Sauvignon-Syrah' 'Picapoll' 'Sauvignon Blanc-Verdejo'
 'Crespiello' 'Cabernet Franc-Tempranillo'
 'Cabernet Sauvignon-Cabernet Franc' 'Alicante Bouschet'
 'Garnacha-Graciano' 'Cabernet Blend' 'Sauvignon' 'Shiraz' 'Petit Verdot'
 'Champagne Blend' 'Rufete' 'Parraleta' 'Macabeo-Gewürztraminer'
 'Syrah-Tempranillo' 'Pardina' 'Viura-Sauvignon Blanc' 'Moristel'
 'Carignane']"
Switzerland,['Chasselas' 'White Blend' 'Merlot']
Turkey,"['Kalecik Karasi' 'Red Blend' 'Boğazkere' 'Narince' 'Rosé' 'Okuzgozu'
 'Yapincak' 'Cabernet Sauvignon-Merlot' 'Emir' 'Karalahna'
 'Merlot-Cabernet Franc' 'Bordeaux-style Red Blend' 'Kuntra' 'Merlot'
 'Syrah-Merlot' 'Syrah' 'Karasakiz' 'Chardonnay' 'Sauvignon Blanc'
 'Kinali Yapincak']"
US,"['Pinot Noir' 'Rosé' 'Chardonnay' 'Syrah' 'Petite Sirah'
 'Cabernet Sauvignon' 'Riesling' 'Cabernet Sauvignon-Syrah' 'Pinot Gris'
 'Sauvignon Blanc' 'Meritage' 'Viognier'
 'Cabernet Sauvignon-Cabernet Franc' 'Moscato' 'Pinot Grigio'
 'Cabernet Franc' 'White Blend' 'Sparkling Blend' 'Barbera' 'Grenache'
 'Zinfandel' 'Rhône-style Red Blend' 'Albariño' 'Malvasia Bianca'
 'Sangiovese' 'Bordeaux-style Red Blend' 'Picpoul' 'Malbec'
 'Gewürztraminer' 'Merlot' 'G-S-M' 'Mourvèdre' 'Petit Verdot'
 'Rhône-style White Blend' 'Muscat' 'Cabernet Sauvignon-Merlot'
 'Red Blend' 'Ugni Blanc' 'Grüner Veltliner' 'Tempranillo' 'Aglianico'
 'Primitivo' 'Carignane' 'Charbono' 'Pinot Blanc' 'Negroamaro'
 'Champagne Blend' 'Syrah-Cabernet Sauvignon' 'Fumé Blanc' 'Nebbiolo'
 'Roussanne' 'Touriga Nacional' 'Port' 'Blaufränkisch' 'Sangiovese-Syrah'
 'Vermentino' 'Cabernet Franc-Merlot' 'Sauvignon Blanc-Semillon' 'Aligoté'
 'Grenache Blanc' 'Chenin Blanc' 'Alicante Bouschet' 'Muskat Ottonel'
 'Baco Noir' 'Tannat' 'Chardonnay-Viognier' 'Syrah-Mourvèdre' 'Graciano'
 'Verdelho' 'Marsanne-Roussanne' 'Syrah-Grenache' 'Petite Verdot'
 'Grenache-Syrah' 'Pinot Noir-Syrah' 'Gamay Noir' 'Sémillon' 'Lemberger'
 'Cinsault' 'Teroldego' 'Shiraz' 'Tocai Friulano' 'Saperavi'
 'Pinot Meunier' 'Dolcetto' 'Petite Syrah' 'Malbec-Tannat'
 'Bordeaux-style White Blend' 'Syrah-Merlot' 'Montepulciano' 'Torrontés'
 'Cabernet Blend' 'Marsanne' 'Chardonnay-Semillon'
 'Cabernet Sauvignon-Sangiovese' 'Cabernet Franc-Malbec' 'Müller-Thurgau'
 'Zweigelt' 'Orange Muscat' 'Vignoles' ""Muscat d'Alexandrie"" 'Symphony'
 'Norton' 'Rkatsiteli' 'Roussanne-Viognier' 'Chambourcin' 'Traminette'
 'Semillon-Sauvignon Blanc' 'Grenache Blend' 'Carmenère'
 'Sangiovese-Cabernet Sauvignon' 'Syrah-Petite Sirah' 'Mission' 'Garnacha'
 'Viognier-Chardonnay' 'Muscat Canelli' 'Verdejo' 'Petit Manseng'
 'Trousseau Gris' 'Counoise' 'Auxerrois' 'Monastrell' 'Syrah-Tempranillo'
 'Pinot Grigio-Sauvignon Blanc' 'Chardonnay-Albariño' 'Claret' 'Pinotage'
 'Vidal Blanc' 'Chenin Blanc-Viognier' 'Merlot-Cabernet Franc'
 'Gewürztraminer-Riesling' 'Cabernet Merlot' 'White Riesling'
 'Merlot-Cabernet Sauvignon' 'Syrah-Cabernet' 'Carignan-Grenache'
 'Cabernet-Syrah' 'Edelzwicker' 'Traminer' 'Cortese' 'Merlot-Cabernet'
 'Black Muscat' 'Arneis' 'Muscat Blanc' 'Melon' 'Tempranillo Blend'
 'Scheurebe' 'Tempranillo-Cabernet Sauvignon' 'Carignan'
 'Viognier-Marsanne' 'Cayuga' 'Viognier-Roussanne' 'Syrah-Viognier'
 'Lagrein' 'Black Monukka' 'Morio Muskat' 'Dornfelder' 'Sangiovese Grosso'
 'Cabernet Sauvignon-Malbec' 'Refosco' 'Cabernet Pfeffer'
 'Syrah-Cabernet Franc' 'Rosato' 'Valdiguié' 'Jacquez'
 'Madeleine Angevine' 'Merlot-Petite Verdot' 'Roussanne-Marsanne'
 'Mondeuse' 'Roussanne-Grenache Blanc' 'Moscato Giallo' ""Nero d'Avola""
 'Viognier-Grenache Blanc' 'Sauvignon Gris' 'Grenache-Mourvèdre'
 'Seyval Blanc' 'Pinot-Chardonnay' 'Siegerrebe' 'Sylvaner'
 'Tempranillo-Malbec' 'Cabernet' 'Sherry' 'Grenache-Carignan' 'Mataro'
 'Shiraz-Cabernet Sauvignon' 'Pinot Nero' 'Touriga Franca' 'Alvarelhão'
 'Sagrantino' 'Grenache-Shiraz' 'Aleatico' 'Angevine'
 'Semillon-Chardonnay' 'Johannisberg Riesling' 'Colombard'
 'Cabernet Sauvignon-Shiraz' 'Vernaccia' 'Maréchal Foch'
 'Pinot Blanc-Chardonnay' 'Sangiovese Cabernet' 'Marsanne-Viognier'
 'Madeira Blend' 'St. Vincent' 'Chardonel' 'Merlot-Syrah'
 'Chardonnay-Pinot Gris' 'Apple' 'Sauvignon Musqué' 'Viognier-Valdiguié'
 'Chardonelle' 'Malbec-Merlot' 'Pinot Auxerrois' 'Pinot Grigio-Chardonnay'
 'Shiraz-Viognier']"
US-France,['Viognier']
Ukraine,['Sparkling Blend' 'Muscat']
Uruguay,"['Red Blend' 'Albariño' 'Tannat' 'Cabernet Sauvignon' 'Rosé'
 'Tannat-Syrah' 'Pinot Noir' 'Merlot' 'Viognier' 'Chardonnay'
 'Tannat-Merlot']"
